pool,eta,role,method,n_calib,n_eval,n_eval_corrupt,auroc,auprc,brier,ece,brier_raw,ece_raw,op070_precision,op070_recall,op070_f1,op070_fpr,op070_fnr,cal_threshold,cal_precision,cal_recall,cal_f1,cal_fpr,cal_fnr,calib_f1_at_threshold
shared,10,safety,raw,5000,5000,493,0.5247442450351065,0.10442302838409363,0.39605369999999995,0.38916599999999996,0.39605369999999995,0.38916599999999996,0.10836219693221177,0.44421906693711966,0.17422434367541764,0.39982249833592187,0.5557809330628803,0.9,0.10307414104882459,0.5780933062880325,0.17495395948434622,0.5502551586421123,0.42190669371196754,0.19119420989143548
shared,10,safety,platt,5000,5000,493,0.5247442450351065,0.10442302838409363,0.08881371208096472,0.001398522309900806,0.39605369999999995,0.38916599999999996,0.10836219693221177,0.44421906693711966,0.17422434367541764,0.39982249833592187,0.5557809330628803,0.0918899,0.10307414104882459,0.5780933062880325,0.17495395948434622,0.5502551586421123,0.42190669371196754,
shared,10,safety,isotonic,5000,5000,493,0.5247442450351065,0.10442302838409363,0.08894991378457912,0.010522545379973403,0.39605369999999995,0.38916599999999996,0.10836219693221177,0.44421906693711966,0.17422434367541764,0.39982249833592187,0.5557809330628803,0.08662614,0.10307414104882459,0.5780933062880325,0.17495395948434622,0.5502551586421123,0.42190669371196754,
shared,10,helpfulness,raw,5000,5000,493,0.5247822746766243,0.10414816372333345,0.37929822,0.420014,0.37929822,0.420014,0.10349050826699327,0.6855983772819473,0.1798350625166268,0.6496560905258487,0.3144016227180527,0.9,0.10146041506533436,0.8032454361054767,0.18016378525932666,0.778122919902374,0.19675456389452334,0.1898504757589488
shared,10,helpfulness,platt,5000,5000,493,0.5247822746766243,0.10414816372333345,0.08885728068950155,0.0056762057226907095,0.37929822,0.420014,0.10349050826699327,0.6855983772819473,0.1798350625166268,0.6496560905258487,0.3144016227180527,0.08785162,0.10146041506533436,0.8032454361054767,0.18016378525932666,0.778122919902374,0.19675456389452334,
shared,10,helpfulness,isotonic,5000,5000,493,0.5247822746766243,0.10414816372333345,0.08889950411212753,0.003015347921377005,0.37929822,0.420014,0.10349050826699327,0.6855983772819473,0.1798350625166268,0.6496560905258487,0.3144016227180527,0.09570957,0.10146041506533436,0.8032454361054767,0.18016378525932666,0.778122919902374,0.19675456389452334,
shared,10,factuality,raw,5000,5000,493,0.5147048697293505,0.10133292605746622,0.40580864,0.425008,0.40580864,0.425008,0.10387655250282274,0.5598377281947262,0.17523809523809525,0.5282893277124473,0.44016227180527384,0.95,0.10240667976424361,0.845841784989858,0.18269441401971523,0.8109607277568227,0.15415821501014199,0.18810148731408574
shared,10,factuality,platt,5000,5000,493,0.5147048697293505,0.10133292605746622,0.08893495353094591,0.010055805594558855,0.40580864,0.425008,0.10387655250282274,0.5598377281947262,0.17523809523809525,0.5282893277124473,0.44016227180527384,0.08591848,0.10240667976424361,0.845841784989858,0.18269441401971523,0.8109607277568227,0.15415821501014199,
shared,10,factuality,isotonic,5000,5000,493,0.5147048697293505,0.10133292605746622,0.08887735664390123,0.0075517633475997645,0.40580864,0.425008,0.10387655250282274,0.5598377281947262,0.17523809523809525,0.5282893277124473,0.44016227180527384,0.06840391,0.10240667976424361,0.845841784989858,0.18269441401971523,0.8109607277568227,0.15415821501014199,
shared,10,policy,raw,5000,5000,493,0.5227934819444713,0.1034482928437146,0.5439345,0.54491,0.5439345,0.54491,0.10604453870625663,0.6085192697768763,0.1806140878988561,0.561127135566896,0.39148073022312374,0.6,0.10611956137247966,0.6085192697768763,0.18072289156626506,0.5606833814067007,0.39148073022312374,0.1901095647023986
shared,10,policy,platt,5000,5000,493,0.5227934819444713,0.1034482928437146,0.0888479389973722,0.0060171338968965,0.5439345,0.54491,0.10604453870625663,0.6085192697768763,0.1806140878988561,0.561127135566896,0.39148073022312374,0.09477478,0.10611956137247966,0.6085192697768763,0.18072289156626506,0.5606833814067007,0.39148073022312374,
shared,10,policy,isotonic,5000,5000,493,0.5227934819444713,0.1034482928437146,0.08884480674987229,0.006210791644426614,0.5439345,0.54491,0.10604453870625663,0.6085192697768763,0.1806140878988561,0.561127135566896,0.39148073022312374,0.11130374,0.10611956137247966,0.6085192697768763,0.18072289156626506,0.5606833814067007,0.39148073022312374,
diverse,10,safety,raw,1487,1513,136,0.5391382587893545,0.09622197384196902,0.19267680105750165,0.18493060145406476,0.19267680105750165,0.18493060145406476,0.10408921933085502,0.20588235294117646,0.13827160493827162,0.17501815541031226,0.7941176470588235,1.0,0.10456553755522828,0.5220588235294118,0.17423312883435585,0.44153957879448075,0.47794117647058826,0.18627450980392157
diverse,10,safety,platt,1487,1513,136,0.5391382587893545,0.09622197384196902,0.08183616195352586,0.00585746461208673,0.19267680105750165,0.18493060145406476,0.10408921933085502,0.20588235294117646,0.13827160493827162,0.17501815541031226,0.7941176470588235,0.09270273,0.10456553755522828,0.5220588235294118,0.17423312883435585,0.44153957879448075,0.47794117647058826,
diverse,10,safety,isotonic,1487,1513,136,0.5391382587893545,0.09622197384196902,0.08176838459516955,0.005979079127096861,0.19267680105750165,0.18493060145406476,0.10408921933085502,0.20588235294117646,0.13827160493827162,0.17501815541031226,0.7941176470588235,0.08230958,0.0898876404494382,1.0,0.16494845360824742,1.0,0.0,
diverse,10,helpfulness,raw,1487,1513,136,0.5221095518817549,0.09624730168986073,0.17220092531394582,0.1879048248512888,0.17220092531394582,0.1879048248512888,0.088,0.2426470588235294,0.12915851272015655,0.24836601307189543,0.7573529411764706,0.9,0.09836065573770492,0.5294117647058824,0.16589861751152074,0.4793028322440087,0.47058823529411764,0.17653890824622534
diverse,10,helpfulness,platt,1487,1513,136,0.5221095518817549,0.09624730168986073,0.08184626088063532,0.005919330960113851,0.17220092531394582,0.1879048248512888,0.088,0.2426470588235294,0.12915851272015655,0.24836601307189543,0.7573529411764706,0.0876925,0.0898876404494382,1.0,0.16494845360824742,1.0,0.0,
diverse,10,helpfulness,isotonic,1487,1513,136,0.5221095518817549,0.09624730168986073,0.0818008034889939,0.00560273598498229,0.17220092531394582,0.1879048248512888,0.088,0.2426470588235294,0.12915851272015655,0.24836601307189543,0.7573529411764706,0.08712614,0.09836065573770492,0.5294117647058824,0.16589861751152074,0.4793028322440087,0.47058823529411764,
diverse,10,factuality,raw,1487,1513,136,0.562414562775001,0.10480952980282117,0.23058658294778586,0.2848314606741573,0.23058658294778586,0.2848314606741573,0.10845070422535211,0.5661764705882353,0.18203309692671393,0.4596949891067538,0.4338235294117647,0.6,0.10806916426512968,0.5514705882352942,0.18072289156626506,0.4495279593318809,0.4485294117647059,0.18706697459584296
diverse,10,factuality,platt,1487,1513,136,0.562414562775001,0.10480952980282117,0.08150275780037754,0.005196009513248952,0.23058658294778586,0.2848314606741573,0.10845070422535211,0.5661764705882353,0.18203309692671393,0.4596949891067538,0.4338235294117647,0.08161345,0.10658682634730539,0.6544117647058824,0.18331616889804322,0.541757443718228,0.34558823529411764,
diverse,10,factuality,isotonic,1487,1513,136,0.562414562775001,0.10480952980282117,0.0816188434804422,0.005021785098745652,0.23058658294778586,0.2848314606741573,0.10845070422535211,0.5661764705882353,0.18203309692671393,0.4596949891067538,0.4338235294117647,0.09433962,0.10806916426512968,0.5514705882352942,0.18072289156626506,0.4495279593318809,0.4485294117647059,
diverse,10,policy,raw,1487,1513,136,0.5064772096202316,0.0913260288656303,0.5402808988764045,0.5422339722405817,0.5402808988764045,0.5422339722405817,0.09188544152744631,0.5661764705882353,0.15811088295687886,0.5526506899055919,0.4338235294117647,0.6,0.09210526315789473,0.5661764705882353,0.15843621399176955,0.55119825708061,0.4338235294117647,0.19315895372233402
diverse,10,policy,platt,1487,1513,136,0.5064772096202316,0.0913260288656303,0.0820990156508493,0.01639011410313701,0.5402808988764045,0.5422339722405817,0.09188544152744631,0.5661764705882353,0.15811088295687886,0.5526506899055919,0.4338235294117647,0.08720525,0.09210526315789473,0.5661764705882353,0.15843621399176955,0.55119825708061,0.4338235294117647,
diverse,10,policy,isotonic,1487,1513,136,0.5064772096202316,0.0913260288656303,0.08211716688978485,0.01736814202025468,0.5402808988764045,0.5422339722405817,0.09188544152744631,0.5661764705882353,0.15811088295687886,0.5526506899055919,0.4338235294117647,0.11280846,0.09210526315789473,0.5661764705882353,0.15843621399176955,0.55119825708061,0.4338235294117647,
shared,20,safety,raw,4999,5001,1016,0.5293400942510793,0.21580830428940267,0.40584649070185963,0.3741471705658868,0.40584649070185963,0.3741471705658868,0.2237420615534929,0.4507874015748031,0.29905321580150174,0.3987452948557089,0.5492125984251969,1.000001,0.20315936812637472,1.0,0.3377098221705168,1.0,0.0,0.33754572663784504
shared,20,safety,platt,4999,5001,1016,0.5293400942510793,0.21580830428940267,0.16165189721417467,0.00737641367054849,0.40584649070185963,0.3741471705658868,0.2237420615534929,0.4507874015748031,0.29905321580150174,0.3987452948557089,0.5492125984251969,0.19343307,0.20315936812637472,1.0,0.3377098221705168,1.0,0.0,
shared,20,safety,isotonic,4999,5001,1016,0.5293400942510793,0.21580830428940267,0.16166383877211826,0.0001433770408692924,0.40584649070185963,0.3741471705658868,0.2237420615534929,0.4507874015748031,0.29905321580150174,0.3987452948557089,0.5492125984251969,0.18391562,0.20315936812637472,1.0,0.3377098221705168,1.0,0.0,
shared,20,helpfulness,raw,4999,5001,1016,0.5327436054495698,0.2151891688798657,0.37907692461507697,0.36301339732053595,0.37907692461507697,0.36301339732053595,0.21475704859028194,0.7047244094488189,0.3291954022988505,0.6569636135508156,0.2952755905511811,0.95,0.21073266356285225,0.8464566929133859,0.3374534039631156,0.8082810539523212,0.15354330708661418,0.3387571064497158
shared,20,helpfulness,platt,4999,5001,1016,0.5327436054495698,0.2151891688798657,0.1615951730613562,0.006254369372006229,0.37907692461507697,0.36301339732053595,0.21475704859028194,0.7047244094488189,0.3291954022988505,0.6569636135508156,0.2952755905511811,0.18868837,0.2094775212636695,0.8484251968503937,0.3359968816994738,0.8163111668757842,0.1515748031496063,
shared,20,helpfulness,isotonic,4999,5001,1016,0.5327436054495698,0.2151891688798657,0.16156329080070533,0.0005592265282832085,0.37907692461507697,0.36301339732053595,0.21475704859028194,0.7047244094488189,0.3291954022988505,0.6569636135508156,0.2952755905511811,0.16538883,0.21073266356285225,0.8464566929133859,0.3374534039631156,0.8082810539523212,0.15354330708661418,
shared,20,factuality,raw,4999,5001,1016,0.5226443404894339,0.21155473552198684,0.4051926614677065,0.38229354129174165,0.4051926614677065,0.38229354129174165,0.2145763965963744,0.5708661417322834,0.3119118042484539,0.5327478042659974,0.42913385826771655,0.95,0.21051350693599416,0.8513779527559056,0.33756097560975606,0.8140526976160603,0.1486220472440945,0.34010946051602814
shared,20,factuality,platt,4999,5001,1016,0.5226443404894339,0.21155473552198684,0.16172745118674525,0.001995067313910818,0.4051926614677065,0.38229354129174165,0.2145763965963744,0.5708661417322834,0.3119118042484539,0.5327478042659974,0.42913385826771655,0.19111389,0.21051350693599416,0.8513779527559056,0.33756097560975606,0.8140526976160603,0.1486220472440945,
shared,20,factuality,isotonic,4999,5001,1016,0.5226443404894339,0.21155473552198684,0.16162521859623155,0.002719871529681134,0.4051926614677065,0.38229354129174165,0.2145763965963744,0.5708661417322834,0.3119118042484539,0.5327478042659974,0.42913385826771655,0.16146993,0.20315936812637472,1.0,0.3377098221705168,1.0,0.0,
shared,20,policy,raw,4999,5001,1016,0.5229089894189827,0.21196844007220111,0.5276222555488902,0.5157028594281143,0.5276222555488902,0.5157028594281143,0.216430790472903,0.6171259842519685,0.3204702274469716,0.5696361355081556,0.3828740157480315,1.000001,0.20315936812637472,1.0,0.3377098221705168,1.0,0.0,0.33754572663784504
shared,20,policy,platt,4999,5001,1016,0.5229089894189827,0.21196844007220111,0.1616597455191624,0.0032548527232776543,0.5276222555488902,0.5157028594281143,0.216430790472903,0.6171259842519685,0.3204702274469716,0.5696361355081556,0.3828740157480315,0.19126728,0.21187462326702833,0.6919291338582677,0.3244116289801569,0.6562107904642409,0.3080708661417323,
shared,20,policy,isotonic,4999,5001,1016,0.5229089894189827,0.21196844007220111,0.1616994806008194,0.0012026505003236764,0.5276222555488902,0.5157028594281143,0.216430790472903,0.6171259842519685,0.3204702274469716,0.5696361355081556,0.3828740157480315,0.18572985,0.21198013656114215,0.672244094488189,0.3223218499292119,0.6371392722710163,0.327755905511811,
diverse,20,safety,raw,1576,1424,288,0.5329356783059468,0.2181247743938161,0.2591432584269663,0.23806179775280903,0.2591432584269663,0.23806179775280903,0.2529182879377432,0.22569444444444445,0.23853211009174313,0.16901408450704225,0.7743055555555556,1.000001,0.20224719101123595,1.0,0.3364485981308411,1.0,0.0,0.3189333333333333
diverse,20,safety,platt,1576,1424,288,0.5329356783059468,0.2181247743938161,0.16119652169772597,0.012736500152894731,0.2591432584269663,0.23806179775280903,0.2529182879377432,0.22569444444444445,0.23853211009174313,0.16901408450704225,0.7743055555555556,0.18049361,0.20224719101123595,1.0,0.3364485981308411,1.0,0.0,
diverse,20,safety,isotonic,1576,1424,288,0.5329356783059468,0.2181247743938161,0.16115012462304418,0.012030170229159944,0.2591432584269663,0.23806179775280903,0.2529182879377432,0.22569444444444445,0.23853211009174313,0.16901408450704225,0.7743055555555556,0.17090069,0.20224719101123595,1.0,0.3364485981308411,1.0,0.0,
diverse,20,helpfulness,raw,1576,1424,288,0.5213498875195619,0.21666406547541786,0.23959971910112363,0.20884831460674158,0.23959971910112363,0.20884831460674158,0.20844327176781002,0.2743055555555556,0.2368815592203898,0.2640845070422535,0.7256944444444444,1.000001,0.20224719101123595,1.0,0.3364485981308411,1.0,0.0,0.3189333333333333
diverse,20,helpfulness,platt,1576,1424,288,0.5213498875195619,0.21666406547541786,0.1613576368569957,0.012166484992637974,0.23959971910112363,0.20884831460674158,0.20844327176781002,0.2743055555555556,0.2368815592203898,0.2640845070422535,0.7256944444444444,0.18475522,0.21016949152542372,0.6458333333333334,0.3171355498721228,0.6153169014084507,0.3541666666666667,
diverse,20,helpfulness,isotonic,1576,1424,288,0.5213498875195619,0.21666406547541786,0.16119465462769111,0.012662211384121479,0.23959971910112363,0.20884831460674158,0.20844327176781002,0.2743055555555556,0.2368815592203898,0.2640845070422535,0.7256944444444444,0.18681319,0.20844327176781002,0.2743055555555556,0.2368815592203898,0.2640845070422535,0.7256944444444444,
diverse,20,factuality,raw,1576,1424,288,0.5500537949921753,0.22840625752745022,0.27258778089887636,0.28448033707865167,0.27258778089887636,0.28448033707865167,0.22381635581061693,0.5416666666666666,0.316751269035533,0.4762323943661972,0.4583333333333333,1.000001,0.20224719101123595,1.0,0.3364485981308411,1.0,0.0,0.3189333333333333
diverse,20,factuality,platt,1576,1424,288,0.5500537949921753,0.22840625752745022,0.16066869054036834,0.01282322861737872,0.27258778089887636,0.28448033707865167,0.22381635581061693,0.5416666666666666,0.316751269035533,0.4762323943661972,0.4583333333333333,0.16785159,0.20224719101123595,1.0,0.3364485981308411,1.0,0.0,
diverse,20,factuality,isotonic,1576,1424,288,0.5500537949921753,0.22840625752745022,0.16066904945083074,0.012959970613975039,0.27258778089887636,0.28448033707865167,0.22381635581061693,0.5416666666666666,0.316751269035533,0.4762323943661972,0.4583333333333333,0.16142857,0.20224719101123595,1.0,0.3364485981308411,1.0,0.0,
diverse,20,policy,raw,1576,1424,288,0.5081808123043818,0.2050352309665815,0.5400614466292134,0.5268609550561798,0.5400614466292134,0.5268609550561798,0.2064825930372149,0.5972222222222222,0.3068688670829617,0.5818661971830986,0.4027777777777778,1.000001,0.20224719101123595,1.0,0.3364485981308411,1.0,0.0,0.3189333333333333
diverse,20,policy,platt,1576,1424,288,0.5081808123043818,0.2050352309665815,0.1614831829797455,0.011827305526707826,0.5400614466292134,0.5268609550561798,0.2064825930372149,0.5972222222222222,0.3068688670829617,0.5818661971830986,0.4027777777777778,0.17733529,0.20224719101123595,1.0,0.3364485981308411,1.0,0.0,
diverse,20,policy,isotonic,1576,1424,288,0.5081808123043818,0.2050352309665815,0.1614809003373432,0.01171610686503019,0.5400614466292134,0.5268609550561798,0.2064825930372149,0.5972222222222222,0.3068688670829617,0.5818661971830986,0.4027777777777778,0.17595819,0.2060353798126951,0.6875,0.31705364291433147,0.6716549295774648,0.3125,
