eta_nominal_pct,effective_eta,method,method_key,emits_admission_decision,preference_acc,mean_margin,unsafe_refusal,benign_refusal,retention,training_contamination,admitted_contamination,harmful_survival,detector_precision,detector_recall,detector_f1
0,0.0,Raw DPO,raw,False,0.548,0.03975,0.428,0.0,1.0,0.0,0.0,0.0,,,
0,0.0,cDPO (label smoothing 0.1),noise_aware,False,0.55,0.040265625,0.412,0.0,1.0,0.0,0.0,0.0,,,
0,0.0,rDPO,rdpo,False,0.542,0.0395625,0.416,0.0,1.0,0.0,0.0,0.0,,,
0,0.0,IPO,ipo,False,0.54,0.0403125,0.416,0.0,1.0,0.0,0.0,0.0,,,
0,0.0,Single verifier (safety),single,True,0.558,0.04096875,0.416,0.0,0.599,0.0,0.0,0.0,0.0,0.0,0.0
0,0.0,Consensus (k=3 of 4),consensus_k3,True,0.55,0.0396875,0.408,0.0,0.4134,0.0,0.0,0.0,0.0,0.0,0.0
0,0.0,Oracle (ground truth),oracle,True,0.546,0.040453125,0.404,0.0,1.0,0.0,0.0,0.0,0.0,0.0,0.0
10,0.0986,Raw DPO,raw,False,0.552,0.04053125,0.404,0.0,1.0,0.0986,0.0986,1.0,,,
10,0.0986,cDPO (label smoothing 0.1),noise_aware,False,0.544,0.03909375,0.416,0.0,1.0,0.0986,0.0986,1.0,,,
10,0.0986,rDPO,rdpo,False,0.548,0.039796875,0.412,0.0,1.0,0.0986,0.0986,1.0,,,
10,0.0986,IPO,ipo,False,0.552,0.04071875,0.408,0.0,1.0,0.0986,0.0986,1.0,,,
10,0.0986,Single verifier (safety),single,True,0.548,0.04028125,0.424,0.0,0.5944,0.0908479138627187,0.0908479138627187,0.5476673427991886,0.10996055226824458,0.45233265720081134,0.17691392304641015
10,0.0986,Consensus (k=3 of 4),consensus_k3,True,0.546,0.03934375,0.432,0.0,0.408,0.08333333333333333,0.08333333333333333,0.3448275862068965,0.10912162162162162,0.6551724137931034,0.18708369533738775
10,0.0986,Oracle (ground truth),oracle,True,0.548,0.0405,0.412,0.0,0.9014,0.0,0.0,0.0,1.0,1.0,1.0
20,0.2031,Raw DPO,raw,False,0.548,0.040546875,0.404,0.0,1.0,0.2031,0.2031,1.0,,,
20,0.2031,cDPO (label smoothing 0.1),noise_aware,False,0.554,0.040109375,0.416,0.0,1.0,0.2031,0.2031,1.0,,,
20,0.2031,rDPO,rdpo,False,0.55,0.03990625,0.396,0.0,1.0,0.2031,0.2031,1.0,,,
20,0.2031,IPO,ipo,False,0.55,0.04040625,0.424,0.0,1.0,0.2031,0.2031,1.0,,,
20,0.2031,Single verifier (safety),single,True,0.544,0.040703125,0.412,0.0,0.5905,0.1913632514817951,0.1913632514817951,0.5563761693746923,0.22002442002442002,0.44362383062530775,0.2941560561540973
20,0.2031,Consensus (k=3 of 4),consensus_k3,True,0.552,0.03990625,0.42,0.0,0.402,0.1808457711442786,0.1808457711442786,0.35795174790743484,0.2180602006688963,0.6420482520925652,0.325552365497441
20,0.2031,Oracle (ground truth),oracle,True,0.55,0.0408125,0.424,0.0,0.7969,0.0,0.0,0.0,1.0,1.0,1.0
