section,eta,target_type,target,metric,shared_value,shared_ci_lo,shared_ci_hi,diverse_value,diverse_ci_lo,diverse_ci_hi,best_single_value,paired_diff,diff_ci_lo,diff_ci_hi,excludes_zero,n_boot_valid,n_boot,note
excluded_target,10,admitted_contamination,0.0986,,nan,nan,nan,nan,nan,nan,nan,nan,nan,nan,,,,"outside the achievable admitted-contamination range of Shared-backbone pool (k of 4), Cross-backbone pool (k of 4)"
interpolation_support,10,retention,0.3,bracket_width,0.1817580964970258,nan,nan,0.02247191011235955,nan,nan,nan,-2.134783004408003e-05,nan,nan,,,,paired_diff column holds the mixture minus linear discrepancy in the admitted-contamination difference
interpolation_support,10,retention,0.4,bracket_width,0.1817580964970258,nan,nan,0.34368803701255785,nan,nan,nan,0.0002075906126038085,nan,nan,,,,paired_diff column holds the mixture minus linear discrepancy in the admitted-contamination difference
interpolation_support,10,retention,0.5,bracket_width,0.0978189028420357,nan,nan,0.34368803701255785,nan,nan,nan,4.663171191986171e-05,nan,nan,,,,paired_diff column holds the mixture minus linear discrepancy in the admitted-contamination difference
interpolation_support,10,retention,0.6,bracket_width,0.03304692663582287,nan,nan,0.34368803701255785,nan,nan,nan,0.00013894903067125652,nan,nan,,,,paired_diff column holds the mixture minus linear discrepancy in the admitted-contamination difference
interpolation_support,10,retention,0.7,bracket_width,0.39458030403172506,nan,nan,0.11962987442167872,nan,nan,nan,1.4224266937673535e-05,nan,nan,,,,paired_diff column holds the mixture minus linear discrepancy in the admitted-contamination difference
interpolation_support,10,retention,0.8,bracket_width,0.39458030403172506,nan,nan,0.08063450099140779,nan,nan,nan,-0.00016402653216747443,nan,nan,,,,paired_diff column holds the mixture minus linear discrepancy in the admitted-contamination difference
matched_retention_interpolated,10,retention,0.3,admitted_contamination,0.07817382944632366,0.03828138191052658,0.09199083856419002,0.06887672153981005,0.04449943945776772,0.08506274014240686,0.057915441176470586,-0.009297107906513613,-0.024298246037874466,0.028148097752343542,False,2000,2000,
matched_retention_interpolated,10,retention,0.4,admitted_contamination,0.07860480683638953,0.05000643270861932,0.0939760985765589,0.07590560505900866,0.05407293760468001,0.08905698292725664,0.07722058823529412,-0.0026992017773808663,-0.017661431485801037,0.017752998739591325,False,2000,2000,
matched_retention_interpolated,10,retention,0.5,admitted_contamination,0.08134500199764262,0.0586795364574261,0.09662577271278704,0.07641769648568346,0.057356675639534484,0.09070078871804046,0.08705150599565668,-0.0049273055119591624,-0.01713181045509503,0.0075006068108713336,False,2000,2000,
matched_retention_interpolated,10,retention,0.6,admitted_contamination,0.08783000255558396,0.06606713044166529,0.10015748188512963,0.07692978791235826,0.05991819855349158,0.09182075861834198,0.08761873288641299,-0.0109002146432257,-0.017992249559364515,0.0014493980877363444,False,2000,2000,
matched_retention_interpolated,10,retention,0.7,admitted_contamination,0.08877783377414031,0.07015259226882131,0.10177061331855902,0.0786940858030761,0.06316512229686366,0.09396111288785151,0.0881859597771693,-0.010083747971064205,-0.017932718870598652,0.00025130397143341714,False,2000,2000,
matched_retention_interpolated,10,retention,0.8,admitted_contamination,0.08914776933257294,0.07349063850430018,0.1026180001699796,0.08583023494633332,0.06804689948366859,0.09761289814070663,0.0887531866679256,-0.0033175343862396206,-0.012565717435421616,0.0007402154352337136,False,2000,2000,
matched_retention_interpolated,10,retention,0.3,true_harmful_survival,0.2611176470588235,0.189701542068419,0.2964005394375488,0.23001730103806228,0.16211868523316061,0.2684087109729736,0.289577205882353,-0.031100346020761227,-0.08011129656627196,0.024237165502490138,False,2000,2000,
matched_retention_interpolated,10,retention,0.4,true_harmful_survival,0.35011764705882353,0.27598205555750727,0.39749665387319955,0.3390299773755656,0.26893408310101097,0.3718691925588482,0.38610294117647065,-0.011087669683257917,-0.06956758428005441,0.03244766152468024,False,2000,2000,
matched_retention_interpolated,10,retention,0.5,true_harmful_survival,0.4538950715421303,0.3770684509509575,0.49863896588544343,0.4267463235294118,0.3562493370886366,0.47266917858829627,0.4858193277310925,-0.02714874801271855,-0.08229237603218509,0.026533562044886383,False,2000,2000,
matched_retention_interpolated,10,retention,0.6,true_harmful_survival,0.5862941176470589,0.503419910340963,0.5994266548964542,0.5144626696832579,0.43674401720015754,0.5730461065420414,0.588655462184874,-0.07183144796380092,-0.11554917355843398,-0.003923931815683117,True,2000,2000,
matched_retention_interpolated,10,retention,0.7,true_harmful_survival,0.6925251256281406,0.6431347032948076,0.6997247719816111,0.6141087097822554,0.543360636153903,0.6763854169697928,0.6914915966386554,-0.07841641584588521,-0.1364298209279085,-0.012514339230036673,True,2000,2000,
matched_retention_interpolated,10,retention,0.8,true_harmful_survival,0.7950167504187605,0.7668513261582766,0.7998470535790392,0.7640308582449373,0.6748674965344286,0.7877194955691887,0.794327731092437,-0.030985892173823193,-0.11232650688596145,-0.005621422430632904,True,2000,2000,
matched_retention_interpolated,10,retention,0.3,det_recall,0.7388823529411764,0.7035994605624512,0.8102984579315811,0.7699826989619377,0.7315912890270264,0.8378813147668394,0.7104227941176471,0.031100346020761283,-0.024237165502490242,0.08011129656627197,False,2000,2000,
matched_retention_interpolated,10,retention,0.4,det_recall,0.6498823529411764,0.6025033461268005,0.7240179444424928,0.6609700226244344,0.6281308074411518,0.731065916898989,0.6138970588235293,0.011087669683258028,-0.03244766152468026,0.06956758428005452,False,2000,2000,
matched_retention_interpolated,10,retention,0.5,det_recall,0.5461049284578696,0.5013610341145566,0.6229315490490425,0.5732536764705882,0.5273308214117038,0.6437506629113633,0.5141806722689075,0.027148748012718604,-0.026533562044886414,0.0822923760321849,False,2000,2000,
matched_retention_interpolated,10,retention,0.6,det_recall,0.41370588235294115,0.40057334510354575,0.4965800896590371,0.4855373303167422,0.42695389345795864,0.5632559827998425,0.41134453781512603,0.07183144796380103,0.003923931815682993,0.11554917355843386,True,2000,2000,
matched_retention_interpolated,10,retention,0.7,det_recall,0.30747487437185933,0.30027522801838885,0.3568652967051924,0.3858912902177446,0.32361458303020707,0.45663936384609716,0.3085084033613446,0.07841641584588527,0.012514339230036635,0.1364298209279086,True,2000,2000,
matched_retention_interpolated,10,retention,0.8,det_recall,0.20498324958123948,0.2001529464209609,0.2331486738417234,0.23596914175506264,0.21228050443081115,0.32513250346557143,0.20567226890756302,0.030985892173823165,0.0056214224306329165,0.11232650688596144,True,2000,2000,
matched_retention_interpolated,10,retention,0.3,clean_false_rejection,0.6961597676107479,0.689382682988948,0.6996812534232821,0.6930881284975864,0.6861072918480998,0.6969125320154301,0.6989705882352941,-0.0030716391131615506,-0.00790382123898862,0.0023339612645725807,False,2000,2000,
matched_retention_interpolated,10,retention,0.4,clean_false_rejection,0.5950733478576615,0.5878634949489174,0.5997600158969701,0.5939782693704263,0.5869490358199955,0.5972828503027806,0.5986274509803922,-0.0010950784872352237,-0.006796131129993341,0.0032738655359843944,False,2000,2000,
matched_retention_interpolated,10,retention,0.5,clean_false_rejection,0.4954464268189758,0.48777141796233064,0.4998723872236176,0.4927650689905592,0.4858735785466792,0.49727922000829217,0.49859943977591037,-0.0026813578284166084,-0.008131213999754958,0.002572271655528584,False,2000,2000,
matched_retention_interpolated,10,retention,0.6,clean_false_rejection,0.3986463326071169,0.39019320947193614,0.3999417874550129,0.3915518686106922,0.384042057742956,0.397285905581445,0.3988795518207283,-0.007094463996424716,-0.01147169874065284,-0.0004279512943850446,True,2000,2000,
matched_retention_interpolated,10,retention,0.7,clean_false_rejection,0.29926174080277934,0.2944848465323756,0.29997308848615156,0.29151690960812404,0.2845426393430745,0.29766364230359343,0.29915966386554627,-0.0077448311946552995,-0.013691856024444464,-0.0011563609163499277,True,2000,2000,
matched_retention_interpolated,10,retention,0.8,clean_false_rejection,0.19950782720185284,0.19676401795558138,0.1999842300234971,0.19644749217233945,0.1876652778596887,0.1987956319800275,0.19943977591036416,-0.003060335029513389,-0.011070388913875783,-0.0005337894255141462,True,2000,2000,
matched_reliability_interpolated,10,admitted_contamination,0.0592,retention,0.10627325087338307,0.09516083718880812,0.5061908591110709,0.17147990527654797,0.1026863714474554,0.579420219665647,0.3066539706722529,0.0652066544031649,-0.24836244901477902,0.255952963599081,False,2000,2000,
matched_reliability_interpolated,10,admitted_contamination,0.069,retention,0.12386578226796338,0.11091381361533378,0.6680387365882706,0.3007218995654681,0.13498978540136627,0.8121635486135397,0.3574176347362407,0.1768561172975047,-0.24682001447188706,0.4373744634239402,False,1995,2000,
matched_reliability_interpolated,10,admitted_contamination,0.0789,retention,0.4540195008043497,0.12959092114767254,0.8588179856115107,0.7057793040156174,0.22219359314684817,0.9880368135929374,0.40869929537231,0.2517598032112677,-0.19862567479904744,0.5197697247638965,False,1872,2000,
matched_reliability_interpolated,10,admitted_contamination,0.0887,retention,0.6789601803973415,0.18706331142915245,0.9351957985478395,0.976963810647047,0.3148001871416252,0.9952923659233343,0.7906233874323769,0.29800363024970544,-0.12440931797948546,0.5250337421345265,False,1083,2000,
original_operating_point_mismatch,10,retention,0.3,retention_achieved,0.29279576999339063,nan,nan,0.33707865168539325,nan,nan,nan,0.04428288169200262,nan,nan,,,,row in matched_retention.md is not at matched retention
original_operating_point_mismatch,10,retention,0.4,retention_achieved,0.41639127561136813,nan,nan,0.4124256444150694,nan,nan,nan,-0.0039656311962987245,nan,nan,,,,row is within the matching tolerance
original_operating_point_mismatch,10,retention,0.5,retention_achieved,0.5168539325842697,nan,nan,0.5763384005287508,nan,nan,nan,0.059484467944481145,nan,nan,,,,row in matched_retention.md is not at matched retention
original_operating_point_mismatch,10,retention,0.6,retention_achieved,0.6054196959682749,nan,nan,0.6060806345009914,nan,nan,nan,0.0006609385327164263,nan,nan,,,,row is within the matching tolerance
original_operating_point_mismatch,10,retention,0.7,retention_achieved,0.7111698612029081,nan,nan,0.6834104428288169,nan,nan,nan,-0.027759418374091238,nan,nan,,,,row in matched_retention.md is not at matched retention
original_operating_point_mismatch,10,retention,0.8,retention_achieved,0.7111698612029081,nan,nan,0.7785855915399867,nan,nan,nan,0.0674157303370786,nan,nan,,,,row in matched_retention.md is not at matched retention
excluded_target,20,admitted_contamination,0.2031,,nan,nan,nan,nan,nan,nan,nan,nan,nan,nan,,,,"outside the achievable admitted-contamination range of Shared-backbone pool (k of 4), Cross-backbone pool (k of 4)"
interpolation_support,20,retention,0.3,bracket_width,0.12851123595505615,nan,nan,0.2092696629213483,nan,nan,nan,0.0020396255263455676,nan,nan,,,,paired_diff column holds the mixture minus linear discrepancy in the admitted-contamination difference
interpolation_support,20,retention,0.4,bracket_width,0.12851123595505615,nan,nan,0.2598314606741573,nan,nan,nan,-6.607052754123433e-05,nan,nan,,,,paired_diff column holds the mixture minus linear discrepancy in the admitted-contamination difference
interpolation_support,20,retention,0.5,bracket_width,0.08637640449438205,nan,nan,0.2598314606741573,nan,nan,nan,0.0005943520761749754,nan,nan,,,,paired_diff column holds the mixture minus linear discrepancy in the admitted-contamination difference
interpolation_support,20,retention,0.6,bracket_width,0.055477528089887596,nan,nan,0.2598314606741573,nan,nan,nan,0.0002157991103610979,nan,nan,,,,paired_diff column holds the mixture minus linear discrepancy in the admitted-contamination difference
interpolation_support,20,retention,0.7,bracket_width,0.3651685393258427,nan,nan,0.0948033707865169,nan,nan,nan,-0.0001350564735015658,nan,nan,,,,paired_diff column holds the mixture minus linear discrepancy in the admitted-contamination difference
interpolation_support,20,retention,0.8,bracket_width,0.3651685393258427,nan,nan,0.0660112359550562,nan,nan,nan,-0.0002106193304294568,nan,nan,,,,paired_diff column holds the mixture minus linear discrepancy in the admitted-contamination difference
matched_retention_interpolated,20,retention,0.3,admitted_contamination,0.18150350230601808,0.11615362785138378,0.20361347897662724,0.175375895176195,0.1260542910801802,0.19750912529549186,0.1785169995411856,-0.006127607129823076,-0.03380860225714428,0.05333915426994931,False,2000,2000,
matched_retention_interpolated,20,retention,0.4,admitted_contamination,0.1852154173894737,0.1469108813270715,0.207906015642295,0.1825178636369972,0.13964798079655355,0.20098501173123434,0.18184112392321794,-0.002697553752476489,-0.028615791079214824,0.019128721107119707,False,2000,2000,
matched_retention_interpolated,20,retention,0.5,admitted_contamination,0.18869641795245423,0.1590000781939745,0.2126406346110694,0.184411001559016,0.14971346221007126,0.20293845496176538,0.18523647360626821,-0.0042854163934382405,-0.027337641904894176,0.00931667983617211,False,2000,2000,
matched_retention_interpolated,20,retention,0.6,admitted_contamination,0.19703822248473307,0.17057500312926624,0.2171254236652494,0.18630413948103478,0.15644623681843375,0.20467990757233573,0.18863861708726176,-0.010734083003698297,-0.027365734075566982,-0.0007679142926689561,True,2000,2000,
matched_retention_interpolated,20,retention,0.7,admitted_contamination,0.20058279346188265,0.1781244505988409,0.2209821918129723,0.18794306749768044,0.1616573329450507,0.20721158205400364,0.1920407605682553,-0.012639725964202209,-0.026505886551831528,-0.003973880840166931,True,2000,2000,
matched_retention_interpolated,20,retention,0.8,admitted_contamination,0.20113759264500042,0.18034535357712092,0.2213342268270144,0.1912953308080675,0.16699612031333225,0.21102309088535032,0.19544290404924886,-0.00984226183693293,-0.021393213273024923,-0.0025158619171787894,True,2000,2000,
matched_retention_interpolated,20,retention,0.3,true_harmful_survival,0.26943306010928963,0.22218230730984084,0.2940604859739131,0.26336922073079794,0.21908534059870044,0.28273107832820094,0.26555555555555554,-0.006063839378491698,-0.03375613370845789,0.023120927945213893,False,2000,2000,
matched_retention_interpolated,20,retention,0.4,true_harmful_survival,0.3667008196721312,0.3164089952097659,0.39574021163108,0.361234984984985,0.30932013434004196,0.3802466387863079,0.35984496124031007,-0.005465834687146176,-0.03998030775598452,0.025312267007026643,False,2000,2000,
matched_retention_interpolated,20,retention,0.5,true_harmful_survival,0.46657633242999097,0.41411870512425447,0.4981951738803472,0.4574512012012012,0.4057536804693849,0.4782703130763267,0.46562417524412775,-0.009125131228789773,-0.051711885392364924,0.020717989971907498,False,2000,2000,
matched_retention_interpolated,20,retention,0.6,true_harmful_survival,0.5848716596343178,0.5373506828179083,0.5995404950203265,0.5536674174174174,0.5000142633847547,0.5771871437909063,0.5724993401953022,-0.031204242216900324,-0.07381328129511609,-0.002714775477600012,True,2000,2000,
matched_retention_interpolated,20,retention,0.7,true_harmful_survival,0.6947756410256409,0.6702869166607691,0.6998194220404148,0.6505606995884774,0.5990514997790743,0.6785027694979415,0.6793745051464766,-0.044214941437163535,-0.0891508559373469,-0.01544226803372505,True,2000,2000,
matched_retention_interpolated,20,retention,0.8,true_harmful_survival,0.796517094017094,0.7842461008151942,0.7998844414365535,0.7567523640661938,0.7086956033688886,0.7836205356137778,0.7862496700976511,-0.03976472995090019,-0.08408809820922304,-0.012558119656237737,True,2000,2000,
matched_retention_interpolated,20,retention,0.3,det_recall,0.7305669398907104,0.7059395140260869,0.7778176926901592,0.7366307792692021,0.717268921671799,0.7809146594012996,0.7344444444444445,0.006063839378491642,-0.023120927945213927,0.03375613370845789,False,2000,2000,
matched_retention_interpolated,20,retention,0.4,det_recall,0.6332991803278688,0.6042597883689201,0.6835910047902339,0.638765015015015,0.6197533612136921,0.6906798656599579,0.6401550387596899,0.0054658346871462316,-0.025312267007026622,0.039980307755984504,False,2000,2000,
matched_retention_interpolated,20,retention,0.5,det_recall,0.533423667570009,0.5018048261196528,0.5858812948757454,0.5425487987987988,0.5217296869236733,0.594246319530615,0.5343758247558723,0.009125131228789773,-0.020717989971907592,0.0517118853923648,False,2000,2000,
matched_retention_interpolated,20,retention,0.6,det_recall,0.4151283403656822,0.4004595049796735,0.4626493171820918,0.44633258258258257,0.42281285620909365,0.4999857366152452,0.4275006598046978,0.03120424221690038,0.0027147754775999552,0.0738132812951161,True,2000,2000,
matched_retention_interpolated,20,retention,0.7,det_recall,0.305224358974359,0.3001805779595852,0.3297130833392308,0.3494393004115227,0.3214972305020585,0.4009485002209256,0.3206254948535234,0.0442149414371637,0.015442268033724938,0.08915085593734677,True,2000,2000,
matched_retention_interpolated,20,retention,0.8,det_recall,0.20348290598290594,0.20011555856344648,0.21575389918480575,0.24324763593380613,0.21637946438622221,0.29130439663111146,0.21375032990234882,0.03976472995090019,0.01255811965623765,0.08408809820922285,True,2000,2000,
matched_retention_interpolated,20,retention,0.3,clean_false_rejection,0.6922506349572847,0.6803670606975184,0.6985634317685336,0.6907133235655545,0.6794745925039639,0.6957236411110036,0.6912676056338029,-0.0015373113917301895,-0.008596031106278232,0.005974934558197545,False,2000,2000,
matched_retention_interpolated,20,retention,0.4,clean_false_rejection,0.5915579542830754,0.5786519031543376,0.5989420358060066,0.5901722497145031,0.5771619490007371,0.5950009980222424,0.5898198493285294,-0.0013857045685723435,-0.010141076790825732,0.006428021301481333,False,2000,2000,
matched_retention_interpolated,20,retention,0.5,clean_false_rejection,0.49152639413718086,0.47847643991113076,0.4995445996012586,0.48921298058622,0.47615497916737654,0.49452014459204463,0.4912850021745676,-0.0023134135509608744,-0.013191724836214495,0.0051591989340036785,False,2000,2000,
matched_retention_interpolated,20,retention,0.6,clean_false_rejection,0.396164646104475,0.3841779840834998,0.3998900268187594,0.3882537114579368,0.3743666805092382,0.39419351756689175,0.39302800173965413,-0.007910934646538192,-0.019166993078862,-0.000673507033825762,True,2000,2000,
matched_retention_interpolated,20,retention,0.7,clean_false_rejection,0.2986755146262189,0.29236875786079675,0.29995326761923424,0.28746609285341684,0.2744759534543149,0.29458484313779143,0.2947710013047406,-0.011209421772802042,-0.02272858409619738,-0.0039929040632479635,True,2000,2000,
matched_retention_interpolated,20,retention,0.8,clean_false_rejection,0.1991170097508125,0.19592361823833823,0.19997147665223466,0.18903581060833083,0.1765365761139834,0.19597909111284612,0.19651400086982695,-0.010081199142481678,-0.02162856606698841,-0.003205292271036928,True,2000,2000,
matched_reliability_interpolated,20,admitted_contamination,0.1219,retention,0.09435607865168537,0.07462036820411523,0.31484180890449426,0.09502464536516854,0.07091215765449438,0.28788406163889346,0.13148963123856808,0.0006685667134831708,-0.21069553697849372,0.12154894117455017,False,2000,2000,
matched_reliability_interpolated,20,admitted_contamination,0.1422,retention,0.11006919101123593,0.0870468938361377,0.38220821014615186,0.11696140761548064,0.08272447439191777,0.41392017212523696,0.1533865919780507,0.006892216604244716,-0.23182489494307884,0.18622657264638498,False,2000,2000,
matched_reliability_interpolated,20,admitted_contamination,0.1625,retention,0.15968466740628834,0.09947341946816018,0.5268979696321107,0.1656092599767532,0.09465168539325843,0.7259532834972645,0.17528355271753335,0.005924592570464848,-0.24886020487357008,0.35675627071440374,False,2000,2000,
matched_reliability_interpolated,20,admitted_contamination,0.1828,retention,0.33492799982845844,0.11838607098239416,0.7279984447008607,0.41490310662109126,0.126052454578054,0.9850199974124503,0.42838416075395197,0.07997510679263281,-0.19975151388441398,0.5425431711138289,False,1933,2000,
original_operating_point_mismatch,20,retention,0.3,retention_achieved,0.32724719101123595,nan,nan,0.28792134831460675,nan,nan,nan,-0.0393258426966292,nan,nan,,,,row in matched_retention.md is not at matched retention
original_operating_point_mismatch,20,retention,0.4,retention_achieved,0.32724719101123595,nan,nan,0.3813202247191011,nan,nan,nan,0.05407303370786515,nan,nan,,,,row in matched_retention.md is not at matched retention
original_operating_point_mismatch,20,retention,0.5,retention_achieved,0.4669943820224719,nan,nan,0.5070224719101124,nan,nan,nan,0.040028089887640506,nan,nan,,,,row in matched_retention.md is not at matched retention
original_operating_point_mismatch,20,retention,0.6,retention_achieved,0.5765449438202247,nan,nan,0.6622191011235955,nan,nan,nan,0.0856741573033708,nan,nan,,,,row in matched_retention.md is not at matched retention
original_operating_point_mismatch,20,retention,0.7,retention_achieved,0.6860955056179775,nan,nan,0.6622191011235955,nan,nan,nan,-0.023876404494381998,nan,nan,,,,row in matched_retention.md is not at matched retention
original_operating_point_mismatch,20,retention,0.8,retention_achieved,0.7570224719101124,nan,nan,0.7900280898876404,nan,nan,nan,0.03300561797752799,nan,nan,,,,row in matched_retention.md is not at matched retention
