audit_id,llama_pref,phi_pref,strict_label,min_confidence,llama_margin,phi_margin
A0000,option_1,,underivable,4,1,
A0001,option_1,option_1,option_1,4,1,4
A0002,tie,option_2,unresolved,4,0,-2
A0003,tie,tie,tie,5,0,0
A0004,tie,option_2,unresolved,4,0,-1
A0005,tie,option_1,unresolved,4,0,1
A0006,tie,tie,tie,5,0,0
A0007,option_1,tie,unresolved,4,2,0
A0008,option_1,option_1,option_1,4,0,1
A0009,option_2,option_1,unresolved,3,0,2
A0010,tie,tie,tie,4,0,0
A0011,tie,tie,tie,4,0,0
A0012,tie,tie,tie,5,0,0
A0013,tie,tie,tie,4,0,0
A0014,option_1,tie,unresolved,4,2,0
A0015,tie,tie,tie,5,0,0
A0016,tie,tie,tie,5,0,0
A0017,tie,tie,tie,5,0,0
A0018,option_1,tie,unresolved,4,1,0
A0019,tie,option_2,unresolved,4,0,-1
A0020,tie,tie,tie,4,0,0
A0021,option_1,option_1,option_1,4,2,2
A0022,tie,tie,tie,4,0,0
A0023,tie,option_1,unresolved,5,0,1
A0024,tie,option_1,unresolved,4,0,2
A0025,tie,option_1,unresolved,4,0,2
A0026,option_1,tie,unresolved,4,0,0
A0027,option_1,option_1,option_1,4,2,1
A0028,tie,option_1,unresolved,3,0,1
A0029,tie,tie,tie,4,0,0
A0030,tie,tie,tie,5,0,0
A0031,tie,option_1,unresolved,4,0,1
A0032,tie,tie,tie,4,0,0
A0033,tie,tie,tie,4,0,0
A0034,tie,tie,tie,4,0,0
A0035,option_1,tie,unresolved,4,1,0
A0036,tie,tie,tie,4,0,0
A0037,option_1,,underivable,4,0,
A0038,option_1,option_2,unresolved,4,0,-1
A0039,tie,tie,tie,4,0,0
A0040,tie,tie,tie,4,0,0
A0041,option_1,option_2,unresolved,4,0,-1
A0042,option_1,option_1,option_1,4,1,1
A0043,tie,option_1,unresolved,3,0,1
A0044,option_1,option_1,option_1,4,1,2
A0045,tie,tie,tie,4,0,0
A0046,option_2,option_2,option_2,3,-1,-1
A0047,option_1,option_1,option_1,4,1,1
A0048,tie,option_1,unresolved,4,0,1
A0049,tie,tie,tie,4,0,0
A0050,tie,option_2,unresolved,4,0,-1
A0051,tie,option_2,unresolved,4,0,0
A0052,option_1,option_1,option_1,4,1,3
A0053,tie,option_2,unresolved,4,0,-1
A0054,option_1,tie,unresolved,4,0,0
A0055,option_2,tie,unresolved,4,-2,0
A0056,tie,option_2,unresolved,4,0,-1
A0057,tie,option_1,unresolved,4,0,1
A0058,tie,tie,tie,5,0,0
A0059,tie,tie,tie,3,0,0
A0060,tie,option_1,unresolved,3,0,2
A0061,tie,tie,tie,4,0,0
A0062,tie,option_2,unresolved,4,0,1
A0063,option_1,option_2,unresolved,4,2,-1
A0064,tie,tie,tie,5,0,0
A0065,option_1,option_1,option_1,4,0,1
A0066,tie,tie,tie,4,0,0
A0067,option_1,option_1,option_1,3,2,3
A0068,option_2,option_2,option_2,5,-3,-4
A0069,tie,tie,tie,5,0,0
A0070,tie,option_1,unresolved,4,0,1
A0071,option_1,tie,unresolved,5,1,0
A0072,tie,tie,tie,5,0,0
A0073,tie,option_2,unresolved,4,0,0
A0074,tie,tie,tie,4,0,0
A0075,tie,tie,tie,4,0,0
A0076,option_1,tie,unresolved,4,2,0
A0077,tie,tie,tie,5,0,0
A0078,tie,tie,tie,4,0,0
A0079,tie,option_2,unresolved,4,0,-1
A0080,tie,tie,tie,4,0,0
A0081,tie,tie,tie,5,0,0
A0082,option_1,option_2,unresolved,4,2,-1
A0083,tie,option_2,unresolved,4,0,-1
A0084,option_2,option_2,option_2,4,-1,-1
A0085,option_1,tie,unresolved,4,2,0
A0086,option_2,option_1,unresolved,4,-1,1
A0087,tie,tie,tie,4,0,0
A0088,option_1,option_1,option_1,4,0,2
A0089,tie,option_1,unresolved,3,0,1
A0090,option_1,tie,unresolved,4,0,0
A0091,tie,option_1,unresolved,4,0,1
A0092,tie,tie,tie,4,0,0
A0093,tie,option_2,unresolved,4,0,-1
A0094,tie,option_1,unresolved,4,0,1
A0095,tie,option_1,unresolved,4,0,1
A0096,option_2,tie,unresolved,4,-2,0
A0097,tie,option_1,unresolved,4,0,2
A0098,tie,tie,tie,3,0,0
A0099,option_1,tie,unresolved,4,0,0
A0100,tie,option_2,unresolved,4,0,-2
A0101,option_2,tie,unresolved,4,-1,0
A0102,tie,option_2,unresolved,3,0,-1
A0103,tie,tie,tie,5,0,0
A0104,tie,option_2,unresolved,4,0,-1
A0105,option_2,tie,unresolved,4,0,0
A0106,tie,option_1,unresolved,4,0,1
A0107,tie,tie,tie,4,0,0
A0108,tie,option_1,unresolved,4,0,1
A0109,option_2,option_1,unresolved,4,0,1
A0110,tie,option_1,unresolved,4,0,0
A0111,option_2,option_1,unresolved,4,0,2
A0112,option_2,tie,unresolved,4,-1,0
A0113,tie,tie,tie,4,0,0
A0114,option_1,tie,unresolved,5,1,0
A0115,option_1,option_2,unresolved,4,1,-1
A0116,option_2,option_2,option_2,4,0,-1
A0117,tie,tie,tie,4,0,0
A0118,tie,,underivable,5,0,
A0119,option_2,tie,unresolved,4,-2,0
A0120,option_1,option_1,option_1,4,1,1
A0121,tie,tie,tie,3,0,0
A0122,tie,option_2,unresolved,5,0,-1
A0123,option_2,tie,unresolved,4,-1,0
A0124,tie,option_1,unresolved,4,0,2
A0125,option_1,option_1,option_1,4,3,-1
A0126,option_1,option_1,option_1,4,1,1
A0127,option_2,option_1,unresolved,3,0,2
A0128,tie,option_2,unresolved,4,0,0
A0129,option_1,tie,unresolved,4,2,0
A0130,tie,option_1,unresolved,4,0,1
A0131,option_2,tie,unresolved,4,0,0
A0132,tie,option_2,unresolved,4,0,-1
A0133,tie,tie,tie,5,0,0
A0134,option_2,tie,unresolved,4,-1,0
A0135,option_1,option_1,option_1,4,2,1
A0136,tie,option_1,unresolved,3,0,1
A0137,tie,option_2,unresolved,4,0,-1
A0138,tie,tie,tie,5,0,0
A0139,tie,option_1,unresolved,4,0,1
A0140,option_1,option_1,option_1,4,0,1
A0141,option_2,tie,unresolved,4,-1,0
A0142,tie,tie,tie,4,0,0
A0143,option_1,option_1,option_1,4,2,2
A0144,option_1,option_1,option_1,4,2,2
A0145,option_1,option_1,option_1,4,2,1
A0146,tie,tie,tie,5,0,0
A0147,tie,tie,tie,5,0,0
A0148,option_2,option_2,option_2,4,-2,-1
A0149,tie,option_1,unresolved,4,0,2
A0150,option_1,option_2,unresolved,4,1,-1
A0151,tie,option_1,unresolved,4,0,1
A0152,option_1,option_1,option_1,4,1,1
A0153,option_1,tie,unresolved,4,2,0
A0154,tie,option_1,unresolved,4,0,1
A0155,option_2,option_1,unresolved,4,0,1
A0156,tie,tie,tie,4,0,0
A0157,tie,tie,tie,5,0,0
A0158,tie,tie,tie,4,0,0
A0159,tie,tie,tie,4,0,0
A0160,option_2,option_2,option_2,3,-3,-2
A0161,tie,tie,tie,5,0,0
A0162,option_1,option_1,option_1,4,0,0
A0163,tie,tie,tie,4,0,0
A0164,tie,tie,tie,4,0,0
A0165,tie,tie,tie,5,0,0
A0166,tie,tie,tie,5,0,0
A0167,tie,tie,tie,4,0,0
A0168,option_1,option_1,option_1,4,2,0
A0169,tie,option_2,unresolved,3,0,-1
A0170,tie,tie,tie,4,0,0
A0171,option_1,option_1,option_1,4,0,2
A0172,option_1,option_1,option_1,4,1,1
A0173,tie,option_1,unresolved,4,0,2
A0174,option_1,option_1,option_1,4,2,2
A0175,option_1,option_2,unresolved,4,1,-1
A0176,tie,option_2,unresolved,4,0,0
A0177,tie,tie,tie,4,0,0
A0178,tie,option_2,unresolved,3,0,-1
A0179,option_1,option_1,option_1,5,1,4
A0180,option_2,tie,unresolved,4,0,0
A0181,option_1,option_1,option_1,4,0,1
A0182,tie,tie,tie,4,0,0
A0183,tie,tie,tie,5,0,0
A0184,option_2,option_1,unresolved,4,0,2
A0185,option_2,option_2,option_2,4,-2,-1
A0186,option_2,tie,unresolved,4,-2,0
A0187,option_1,option_1,option_1,4,2,3
A0188,tie,option_1,unresolved,5,0,4
A0189,tie,option_2,unresolved,4,0,-1
A0190,tie,tie,tie,4,0,0
A0191,option_1,tie,unresolved,4,0,0
A0192,tie,tie,tie,4,0,0
A0193,option_1,tie,unresolved,4,1,0
A0194,option_1,option_1,option_1,4,0,2
A0195,option_2,option_2,option_2,4,-1,-1
A0196,tie,tie,tie,5,0,0
A0197,tie,tie,tie,4,0,0
A0198,tie,option_1,unresolved,4,0,1
A0199,tie,option_2,unresolved,4,0,-1
