audit_id,llama_pref,phi_pref,strict_label,min_confidence,llama_margin,phi_margin,example_id,stratum,injected_flip,accepted,recorded_option,original_preference_valid
A0000,option_1,,underivable,4,1,,hh_train_005685,rejected_flipped,yes,no,option_2,underivable
A0001,option_1,option_1,option_1,4,1,4,hh_train_006702,rejected_flipped,yes,no,option_2,no
A0002,tie,option_2,unresolved,4,0,-2,hh_train_002033,rejected_not_flipped,no,no,option_1,unresolved
A0003,tie,tie,tie,5,0,0,hh_train_000831,rejected_unanimous,no,no,option_1,uncertain
A0004,tie,option_2,unresolved,4,0,-1,hh_train_001678,rejected_not_flipped,no,no,option_1,unresolved
A0005,tie,option_1,unresolved,4,0,1,hh_train_006728,accepted_flipped,yes,yes,option_2,unresolved
A0006,tie,tie,tie,5,0,0,hh_train_009937,accepted_not_flipped,no,yes,option_1,uncertain
A0007,option_1,tie,unresolved,4,2,0,hh_train_008986,rejected_not_flipped,no,no,option_1,unresolved
A0008,option_1,option_1,option_1,4,0,1,hh_train_003003,accepted_flipped,yes,yes,option_2,no
A0009,option_2,option_1,unresolved,3,0,2,hh_train_008483,rejected_not_flipped,no,no,option_1,unresolved
A0010,tie,tie,tie,4,0,0,hh_train_008777,accepted_not_flipped,no,yes,option_1,uncertain
A0011,tie,tie,tie,4,0,0,hh_train_003533,accepted_not_flipped,no,yes,option_1,uncertain
A0012,tie,tie,tie,5,0,0,hh_train_004676,rejected_not_flipped,no,no,option_1,uncertain
A0013,tie,tie,tie,4,0,0,hh_train_004021,accepted_flipped,yes,yes,option_2,uncertain
A0014,option_1,tie,unresolved,4,2,0,hh_train_004101,rejected_flipped,yes,no,option_2,unresolved
A0015,tie,tie,tie,5,0,0,hh_train_000903,rejected_not_flipped,no,no,option_1,uncertain
A0016,tie,tie,tie,5,0,0,hh_train_007830,accepted_flipped,yes,yes,option_2,uncertain
A0017,tie,tie,tie,5,0,0,hh_train_002141,rejected_unanimous,no,no,option_1,uncertain
A0018,option_1,tie,unresolved,4,1,0,hh_train_007322,rejected_unanimous,yes,no,option_2,unresolved
A0019,tie,option_2,unresolved,4,0,-1,hh_train_008451,rejected_not_flipped,no,no,option_1,unresolved
A0020,tie,tie,tie,4,0,0,hh_train_005473,rejected_not_flipped,no,no,option_1,uncertain
A0021,option_1,option_1,option_1,4,2,2,hh_train_002387,rejected_unanimous,yes,no,option_2,no
A0022,tie,tie,tie,4,0,0,hh_train_001144,accepted_not_flipped,no,yes,option_1,uncertain
A0023,tie,option_1,unresolved,5,0,1,hh_train_000801,rejected_not_flipped,no,no,option_1,unresolved
A0024,tie,option_1,unresolved,4,0,2,hh_train_002350,accepted_not_flipped,no,yes,option_1,unresolved
A0025,tie,option_1,unresolved,4,0,2,hh_train_002839,accepted_not_flipped,no,yes,option_1,unresolved
A0026,option_1,tie,unresolved,4,0,0,hh_train_000494,rejected_not_flipped,no,no,option_1,unresolved
A0027,option_1,option_1,option_1,4,2,1,hh_train_000745,rejected_not_flipped,no,no,option_1,yes
A0028,tie,option_1,unresolved,3,0,1,hh_train_009817,rejected_split_vote,yes,no,option_2,unresolved
A0029,tie,tie,tie,4,0,0,hh_train_009133,rejected_unanimous,no,no,option_1,uncertain
A0030,tie,tie,tie,5,0,0,hh_train_001355,accepted_flipped,yes,yes,option_2,uncertain
A0031,tie,option_1,unresolved,4,0,1,hh_train_006904,rejected_not_flipped,no,no,option_1,unresolved
A0032,tie,tie,tie,4,0,0,hh_train_009742,accepted_flipped,yes,yes,option_2,uncertain
A0033,tie,tie,tie,4,0,0,hh_train_009505,rejected_flipped,yes,no,option_2,uncertain
A0034,tie,tie,tie,4,0,0,hh_train_001219,accepted_flipped,yes,yes,option_2,uncertain
A0035,option_1,tie,unresolved,4,1,0,hh_train_000546,rejected_not_flipped,no,no,option_1,unresolved
A0036,tie,tie,tie,4,0,0,hh_train_000280,rejected_not_flipped,no,no,option_1,uncertain
A0037,option_1,,underivable,4,0,,hh_train_006105,rejected_not_flipped,no,no,option_1,underivable
A0038,option_1,option_2,unresolved,4,0,-1,hh_train_002599,rejected_unanimous,no,no,option_1,unresolved
A0039,tie,tie,tie,4,0,0,hh_train_002479,rejected_not_flipped,no,no,option_1,uncertain
A0040,tie,tie,tie,4,0,0,hh_train_006038,rejected_flipped,yes,no,option_2,uncertain
A0041,option_1,option_2,unresolved,4,0,-1,hh_train_004529,rejected_not_flipped,no,no,option_1,unresolved
A0042,option_1,option_1,option_1,4,1,1,hh_train_004313,accepted_flipped,yes,yes,option_2,no
A0043,tie,option_1,unresolved,3,0,1,hh_train_008588,rejected_unanimous,no,no,option_1,unresolved
A0044,option_1,option_1,option_1,4,1,2,hh_train_004689,rejected_not_flipped,no,no,option_1,yes
A0045,tie,tie,tie,4,0,0,hh_train_008921,rejected_not_flipped,no,no,option_1,uncertain
A0046,option_2,option_2,option_2,3,-1,-1,hh_train_003859,rejected_not_flipped,no,no,option_1,no
A0047,option_1,option_1,option_1,4,1,1,hh_train_002055,rejected_not_flipped,no,no,option_1,yes
A0048,tie,option_1,unresolved,4,0,1,hh_train_001063,accepted_not_flipped,no,yes,option_1,unresolved
A0049,tie,tie,tie,4,0,0,hh_train_006746,rejected_not_flipped,no,no,option_1,uncertain
A0050,tie,option_2,unresolved,4,0,-1,hh_train_000454,rejected_not_flipped,no,no,option_1,unresolved
A0051,tie,option_2,unresolved,4,0,0,hh_train_008560,rejected_flipped,yes,no,option_2,unresolved
A0052,option_1,option_1,option_1,4,1,3,hh_train_000394,rejected_flipped,yes,no,option_2,no
A0053,tie,option_2,unresolved,4,0,-1,hh_train_000632,rejected_not_flipped,no,no,option_1,unresolved
A0054,option_1,tie,unresolved,4,0,0,hh_train_001918,rejected_flipped,yes,no,option_2,unresolved
A0055,option_2,tie,unresolved,4,-2,0,hh_train_008108,rejected_split_vote,no,no,option_1,unresolved
A0056,tie,option_2,unresolved,4,0,-1,hh_train_006167,rejected_not_flipped,no,no,option_1,unresolved
A0057,tie,option_1,unresolved,4,0,1,hh_train_008097,near_threshold,no,no,option_1,unresolved
A0058,tie,tie,tie,5,0,0,hh_train_008500,rejected_not_flipped,no,no,option_1,uncertain
A0059,tie,tie,tie,3,0,0,hh_train_001288,rejected_unanimous,no,no,option_1,uncertain
A0060,tie,option_1,unresolved,3,0,2,hh_train_001619,rejected_split_vote,no,no,option_1,unresolved
A0061,tie,tie,tie,4,0,0,hh_train_001068,accepted_not_flipped,no,yes,option_1,uncertain
A0062,tie,option_2,unresolved,4,0,1,hh_train_008464,accepted_flipped,yes,yes,option_2,unresolved
A0063,option_1,option_2,unresolved,4,2,-1,hh_train_009093,rejected_not_flipped,no,no,option_1,unresolved
A0064,tie,tie,tie,5,0,0,hh_train_004660,accepted_flipped,yes,yes,option_2,uncertain
A0065,option_1,option_1,option_1,4,0,1,hh_train_006099,rejected_not_flipped,no,no,option_1,yes
A0066,tie,tie,tie,4,0,0,hh_train_001494,accepted_not_flipped,no,yes,option_1,uncertain
A0067,option_1,option_1,option_1,3,2,3,hh_train_000419,near_threshold,yes,no,option_2,no
A0068,option_2,option_2,option_2,5,-3,-4,hh_train_004982,rejected_not_flipped,no,no,option_1,no
A0069,tie,tie,tie,5,0,0,hh_train_004663,rejected_unanimous,yes,no,option_2,uncertain
A0070,tie,option_1,unresolved,4,0,1,hh_train_006452,rejected_not_flipped,no,no,option_1,unresolved
A0071,option_1,tie,unresolved,5,1,0,hh_train_004431,accepted_not_flipped,no,yes,option_1,unresolved
A0072,tie,tie,tie,5,0,0,hh_train_001052,rejected_not_flipped,no,no,option_1,uncertain
A0073,tie,option_2,unresolved,4,0,0,hh_train_004761,rejected_unanimous,no,no,option_1,unresolved
A0074,tie,tie,tie,4,0,0,hh_train_007833,rejected_split_vote,no,no,option_1,uncertain
A0075,tie,tie,tie,4,0,0,hh_train_006350,accepted_flipped,yes,yes,option_2,uncertain
A0076,option_1,tie,unresolved,4,2,0,hh_train_000276,accepted_flipped,yes,yes,option_2,unresolved
A0077,tie,tie,tie,5,0,0,hh_train_006189,rejected_not_flipped,no,no,option_1,uncertain
A0078,tie,tie,tie,4,0,0,hh_train_008920,rejected_not_flipped,no,no,option_1,uncertain
A0079,tie,option_2,unresolved,4,0,-1,hh_train_000256,rejected_flipped,yes,no,option_2,unresolved
A0080,tie,tie,tie,4,0,0,hh_train_007685,rejected_not_flipped,no,no,option_1,uncertain
A0081,tie,tie,tie,5,0,0,hh_train_009040,accepted_flipped,yes,yes,option_2,uncertain
A0082,option_1,option_2,unresolved,4,2,-1,hh_train_007399,accepted_flipped,yes,yes,option_2,unresolved
A0083,tie,option_2,unresolved,4,0,-1,hh_train_000151,rejected_not_flipped,no,no,option_1,unresolved
A0084,option_2,option_2,option_2,4,-1,-1,hh_train_009961,rejected_split_vote,no,no,option_1,no
A0085,option_1,tie,unresolved,4,2,0,hh_train_005487,rejected_not_flipped,no,no,option_1,unresolved
A0086,option_2,option_1,unresolved,4,-1,1,hh_train_001459,rejected_flipped,yes,no,option_2,unresolved
A0087,tie,tie,tie,4,0,0,hh_train_008579,accepted_flipped,yes,yes,option_2,uncertain
A0088,option_1,option_1,option_1,4,0,2,hh_train_009843,rejected_not_flipped,no,no,option_1,yes
A0089,tie,option_1,unresolved,3,0,1,hh_train_000362,rejected_not_flipped,no,no,option_1,unresolved
A0090,option_1,tie,unresolved,4,0,0,hh_train_003332,accepted_flipped,yes,yes,option_2,unresolved
A0091,tie,option_1,unresolved,4,0,1,hh_train_005113,accepted_not_flipped,no,yes,option_1,unresolved
A0092,tie,tie,tie,4,0,0,hh_train_001055,rejected_flipped,yes,no,option_2,uncertain
A0093,tie,option_2,unresolved,4,0,-1,hh_train_004072,rejected_flipped,yes,no,option_2,unresolved
A0094,tie,option_1,unresolved,4,0,1,hh_train_001317,rejected_not_flipped,no,no,option_1,unresolved
A0095,tie,option_1,unresolved,4,0,1,hh_train_006368,rejected_not_flipped,no,no,option_1,unresolved
A0096,option_2,tie,unresolved,4,-2,0,hh_train_002957,rejected_flipped,yes,no,option_2,unresolved
A0097,tie,option_1,unresolved,4,0,2,hh_train_004502,rejected_not_flipped,no,no,option_1,unresolved
A0098,tie,tie,tie,3,0,0,hh_train_008357,rejected_flipped,yes,no,option_2,uncertain
A0099,option_1,tie,unresolved,4,0,0,hh_train_002459,rejected_not_flipped,no,no,option_1,unresolved
A0100,tie,option_2,unresolved,4,0,-2,hh_train_002932,rejected_flipped,yes,no,option_2,unresolved
A0101,option_2,tie,unresolved,4,-1,0,hh_train_001525,rejected_not_flipped,no,no,option_1,unresolved
A0102,tie,option_2,unresolved,3,0,-1,hh_train_004395,rejected_flipped,yes,no,option_2,unresolved
A0103,tie,tie,tie,5,0,0,hh_train_005853,rejected_not_flipped,no,no,option_1,uncertain
A0104,tie,option_2,unresolved,4,0,-1,hh_train_009024,rejected_not_flipped,no,no,option_1,unresolved
A0105,option_2,tie,unresolved,4,0,0,hh_train_008517,accepted_flipped,yes,yes,option_2,unresolved
A0106,tie,option_1,unresolved,4,0,1,hh_train_009882,rejected_unanimous,no,no,option_1,unresolved
A0107,tie,tie,tie,4,0,0,hh_train_009529,rejected_not_flipped,no,no,option_1,uncertain
A0108,tie,option_1,unresolved,4,0,1,hh_train_008200,near_threshold,no,no,option_1,unresolved
A0109,option_2,option_1,unresolved,4,0,1,hh_train_001759,rejected_not_flipped,no,no,option_1,unresolved
A0110,tie,option_1,unresolved,4,0,0,hh_train_001281,accepted_flipped,yes,yes,option_2,unresolved
A0111,option_2,option_1,unresolved,4,0,2,hh_train_001695,accepted_flipped,yes,yes,option_2,unresolved
A0112,option_2,tie,unresolved,4,-1,0,hh_train_007541,rejected_flipped,yes,no,option_2,unresolved
A0113,tie,tie,tie,4,0,0,hh_train_004479,near_threshold,no,yes,option_1,uncertain
A0114,option_1,tie,unresolved,5,1,0,hh_train_003172,rejected_not_flipped,no,no,option_1,unresolved
A0115,option_1,option_2,unresolved,4,1,-1,hh_train_009213,rejected_not_flipped,no,no,option_1,unresolved
A0116,option_2,option_2,option_2,4,0,-1,hh_train_006276,rejected_not_flipped,no,no,option_1,no
A0117,tie,tie,tie,4,0,0,hh_train_004796,accepted_flipped,yes,yes,option_2,uncertain
A0118,tie,,underivable,5,0,,hh_train_003184,rejected_not_flipped,no,no,option_1,underivable
A0119,option_2,tie,unresolved,4,-2,0,hh_train_001594,accepted_not_flipped,no,yes,option_1,unresolved
A0120,option_1,option_1,option_1,4,1,1,hh_train_009955,accepted_flipped,yes,yes,option_2,no
A0121,tie,tie,tie,3,0,0,hh_train_003953,rejected_flipped,yes,no,option_2,uncertain
A0122,tie,option_2,unresolved,5,0,-1,hh_train_005759,rejected_unanimous,no,no,option_1,unresolved
A0123,option_2,tie,unresolved,4,-1,0,hh_train_001370,rejected_not_flipped,no,no,option_1,unresolved
A0124,tie,option_1,unresolved,4,0,2,hh_train_002971,rejected_not_flipped,no,no,option_1,unresolved
A0125,option_1,option_1,option_1,4,3,-1,hh_train_005144,rejected_not_flipped,no,no,option_1,yes
A0126,option_1,option_1,option_1,4,1,1,hh_train_009922,rejected_not_flipped,no,no,option_1,yes
A0127,option_2,option_1,unresolved,3,0,2,hh_train_005245,rejected_flipped,yes,no,option_2,unresolved
A0128,tie,option_2,unresolved,4,0,0,hh_train_003633,accepted_not_flipped,no,yes,option_1,unresolved
A0129,option_1,tie,unresolved,4,2,0,hh_train_008959,near_threshold,no,no,option_1,unresolved
A0130,tie,option_1,unresolved,4,0,1,hh_train_000770,rejected_not_flipped,no,no,option_1,unresolved
A0131,option_2,tie,unresolved,4,0,0,hh_train_007122,rejected_flipped,yes,no,option_2,unresolved
A0132,tie,option_2,unresolved,4,0,-1,hh_train_000023,accepted_flipped,yes,yes,option_2,unresolved
A0133,tie,tie,tie,5,0,0,hh_train_007236,rejected_unanimous,no,no,option_1,uncertain
A0134,option_2,tie,unresolved,4,-1,0,hh_train_002617,rejected_not_flipped,no,no,option_1,unresolved
A0135,option_1,option_1,option_1,4,2,1,hh_train_001931,rejected_not_flipped,no,no,option_1,yes
A0136,tie,option_1,unresolved,3,0,1,hh_train_004397,accepted_not_flipped,no,yes,option_1,unresolved
A0137,tie,option_2,unresolved,4,0,-1,hh_train_009029,rejected_flipped,yes,no,option_2,unresolved
A0138,tie,tie,tie,5,0,0,hh_train_003258,rejected_unanimous,no,no,option_1,uncertain
A0139,tie,option_1,unresolved,4,0,1,hh_train_001407,rejected_not_flipped,no,no,option_1,unresolved
A0140,option_1,option_1,option_1,4,0,1,hh_train_000370,rejected_not_flipped,no,no,option_1,yes
A0141,option_2,tie,unresolved,4,-1,0,hh_train_001085,accepted_flipped,yes,yes,option_2,unresolved
A0142,tie,tie,tie,4,0,0,hh_train_004533,accepted_not_flipped,no,yes,option_1,uncertain
A0143,option_1,option_1,option_1,4,2,2,hh_train_008426,rejected_flipped,yes,no,option_2,no
A0144,option_1,option_1,option_1,4,2,2,hh_train_003734,near_threshold,no,yes,option_1,yes
A0145,option_1,option_1,option_1,4,2,1,hh_train_005659,near_threshold,no,yes,option_1,yes
A0146,tie,tie,tie,5,0,0,hh_train_005902,accepted_flipped,yes,yes,option_2,uncertain
A0147,tie,tie,tie,5,0,0,hh_train_000876,rejected_not_flipped,no,no,option_1,uncertain
A0148,option_2,option_2,option_2,4,-2,-1,hh_train_009847,rejected_split_vote,yes,no,option_2,yes
A0149,tie,option_1,unresolved,4,0,2,hh_train_008733,rejected_not_flipped,no,no,option_1,unresolved
A0150,option_1,option_2,unresolved,4,1,-1,hh_train_007825,accepted_flipped,yes,yes,option_2,unresolved
A0151,tie,option_1,unresolved,4,0,1,hh_train_001136,rejected_not_flipped,no,no,option_1,unresolved
A0152,option_1,option_1,option_1,4,1,1,hh_train_003175,rejected_not_flipped,no,no,option_1,yes
A0153,option_1,tie,unresolved,4,2,0,hh_train_004435,rejected_flipped,yes,no,option_2,unresolved
A0154,tie,option_1,unresolved,4,0,1,hh_train_006171,near_threshold,no,no,option_1,unresolved
A0155,option_2,option_1,unresolved,4,0,1,hh_train_002125,rejected_not_flipped,no,no,option_1,unresolved
A0156,tie,tie,tie,4,0,0,hh_train_008210,accepted_not_flipped,no,yes,option_1,uncertain
A0157,tie,tie,tie,5,0,0,hh_train_002555,rejected_not_flipped,no,no,option_1,uncertain
A0158,tie,tie,tie,4,0,0,hh_train_004826,rejected_not_flipped,no,no,option_1,uncertain
A0159,tie,tie,tie,4,0,0,hh_train_009382,accepted_not_flipped,no,yes,option_1,uncertain
A0160,option_2,option_2,option_2,3,-3,-2,hh_train_008913,rejected_not_flipped,no,no,option_1,no
A0161,tie,tie,tie,5,0,0,hh_train_001863,near_threshold,no,no,option_1,uncertain
A0162,option_1,option_1,option_1,4,0,0,hh_train_001988,rejected_unanimous,no,no,option_1,yes
A0163,tie,tie,tie,4,0,0,hh_train_004460,rejected_not_flipped,no,no,option_1,uncertain
A0164,tie,tie,tie,4,0,0,hh_train_004497,accepted_flipped,yes,yes,option_2,uncertain
A0165,tie,tie,tie,5,0,0,hh_train_005024,accepted_not_flipped,no,yes,option_1,uncertain
A0166,tie,tie,tie,5,0,0,hh_train_004608,rejected_flipped,yes,no,option_2,uncertain
A0167,tie,tie,tie,4,0,0,hh_train_003243,rejected_not_flipped,no,no,option_1,uncertain
A0168,option_1,option_1,option_1,4,2,0,hh_train_009635,rejected_unanimous,yes,no,option_2,no
A0169,tie,option_2,unresolved,3,0,-1,hh_train_004094,accepted_flipped,yes,yes,option_2,unresolved
A0170,tie,tie,tie,4,0,0,hh_train_005740,accepted_flipped,yes,yes,option_2,uncertain
A0171,option_1,option_1,option_1,4,0,2,hh_train_009161,rejected_flipped,yes,no,option_2,no
A0172,option_1,option_1,option_1,4,1,1,hh_train_002926,rejected_unanimous,no,no,option_1,yes
A0173,tie,option_1,unresolved,4,0,2,hh_train_003270,rejected_split_vote,yes,no,option_2,unresolved
A0174,option_1,option_1,option_1,4,2,2,hh_train_004488,rejected_split_vote,no,no,option_1,yes
A0175,option_1,option_2,unresolved,4,1,-1,hh_train_004628,rejected_unanimous,no,no,option_1,unresolved
A0176,tie,option_2,unresolved,4,0,0,hh_train_007105,accepted_not_flipped,no,yes,option_1,unresolved
A0177,tie,tie,tie,4,0,0,hh_train_007352,rejected_not_flipped,no,no,option_1,uncertain
A0178,tie,option_2,unresolved,3,0,-1,hh_train_008864,rejected_not_flipped,no,no,option_1,unresolved
A0179,option_1,option_1,option_1,5,1,4,hh_train_004131,rejected_unanimous,no,no,option_1,yes
A0180,option_2,tie,unresolved,4,0,0,hh_train_004578,rejected_not_flipped,no,no,option_1,unresolved
A0181,option_1,option_1,option_1,4,0,1,hh_train_007078,accepted_not_flipped,no,yes,option_1,yes
A0182,tie,tie,tie,4,0,0,hh_train_000375,rejected_flipped,yes,no,option_2,uncertain
A0183,tie,tie,tie,5,0,0,hh_train_004639,rejected_not_flipped,no,no,option_1,uncertain
A0184,option_2,option_1,unresolved,4,0,2,hh_train_008462,rejected_not_flipped,no,no,option_1,unresolved
A0185,option_2,option_2,option_2,4,-2,-1,hh_train_002640,rejected_flipped,yes,no,option_2,yes
A0186,option_2,tie,unresolved,4,-2,0,hh_train_008193,rejected_not_flipped,no,no,option_1,unresolved
A0187,option_1,option_1,option_1,4,2,3,hh_train_002366,rejected_flipped,yes,no,option_2,no
A0188,tie,option_1,unresolved,5,0,4,hh_train_000238,rejected_not_flipped,no,no,option_1,unresolved
A0189,tie,option_2,unresolved,4,0,-1,hh_train_008911,rejected_flipped,yes,no,option_2,unresolved
A0190,tie,tie,tie,4,0,0,hh_train_008324,rejected_not_flipped,no,no,option_1,uncertain
A0191,option_1,tie,unresolved,4,0,0,hh_train_005069,rejected_not_flipped,no,no,option_1,unresolved
A0192,tie,tie,tie,4,0,0,hh_train_004196,rejected_flipped,yes,no,option_2,uncertain
A0193,option_1,tie,unresolved,4,1,0,hh_train_007402,rejected_split_vote,no,no,option_1,unresolved
A0194,option_1,option_1,option_1,4,0,2,hh_train_009043,accepted_flipped,yes,yes,option_2,no
A0195,option_2,option_2,option_2,4,-1,-1,hh_train_003942,rejected_not_flipped,no,no,option_1,no
A0196,tie,tie,tie,5,0,0,hh_train_004152,near_threshold,yes,yes,option_2,uncertain
A0197,tie,tie,tie,4,0,0,hh_train_008661,accepted_flipped,yes,yes,option_2,uncertain
A0198,tie,option_1,unresolved,4,0,1,hh_train_008459,rejected_split_vote,no,no,option_1,unresolved
A0199,tie,option_2,unresolved,4,0,-1,hh_train_008709,rejected_unanimous,no,no,option_1,unresolved
