pool,eta,role,n_scored,n_exact_half,frac_exact_half,n_rejected,n_rejections_sentinel_driven,frac_rejections_sentinel_driven,corrupt_share_of_flipped
shared,10,safety,10000,7,0.0007,,,,
shared,10,helpfulness,10000,38,0.0038,,,,
shared,10,factuality,10000,52,0.0052,,,,
shared,10,policy,10000,16,0.0016,,,,
shared,10,[rule] consensus_k3_t0.7,10000,29,0.004898648648648649,5920.0,29.0,0.004898648648648649,0.10344827586206896
shared,10,[rule] single_safety_t0.7,10000,7,0.0017258382642998027,4056.0,7.0,0.0017258382642998027,0.14285714285714285
diverse,10,safety,3000,0,0.0,,,,
diverse,10,helpfulness,3000,6,0.002,,,,
diverse,10,factuality,3000,751,0.25033333333333335,,,,
diverse,10,policy,3000,7,0.0023333333333333335,,,,
diverse,10,[rule] consensus_k3_t0.7,3000,280,0.2127659574468085,1316.0,280.0,0.2127659574468085,0.09642857142857143
diverse,10,[rule] single_safety_t0.7,3000,0,0.0,552.0,0.0,0.0,
shared,20,safety,10000,9,0.0009,,,,
shared,20,helpfulness,10000,37,0.0037,,,,
shared,20,factuality,10000,51,0.0051,,,,
shared,20,policy,10000,17,0.0017,,,,
shared,20,[rule] consensus_k3_t0.7,10000,29,0.004849498327759197,5980.0,29.0,0.004849498327759197,0.20689655172413793
shared,20,[rule] single_safety_t0.7,10000,9,0.002197802197802198,4095.0,9.0,0.002197802197802198,0.4444444444444444
diverse,20,safety,3000,0,0.0,,,,
diverse,20,helpfulness,3000,6,0.002,,,,
diverse,20,factuality,3000,763,0.25433333333333336,,,,
diverse,20,policy,3000,7,0.0023333333333333335,,,,
diverse,20,[rule] consensus_k3_t0.7,3000,277,0.20687079910380882,1339.0,277.0,0.20687079910380882,0.17689530685920576
diverse,20,[rule] single_safety_t0.7,3000,0,0.0,565.0,0.0,0.0,
