audit_id,example_id,stratum,injected_flip,verifiers_passing,display_order,recorded_preference_is_response
A0000,hh_train_005685,rejected_flipped,yes,2,swapped,response_1
A0001,hh_train_006702,rejected_flipped,yes,0,swapped,response_1
A0002,hh_train_002033,rejected_not_flipped,no,0,swapped,response_2
A0003,hh_train_000831,rejected_unanimous,no,0,swapped,response_2
A0004,hh_train_001678,rejected_not_flipped,no,2,original,response_1
A0005,hh_train_006728,accepted_flipped,yes,4,original,response_2
A0006,hh_train_009937,accepted_not_flipped,no,4,original,response_1
A0007,hh_train_008986,rejected_not_flipped,no,2,swapped,response_2
A0008,hh_train_003003,accepted_flipped,yes,4,swapped,response_1
A0009,hh_train_008483,rejected_not_flipped,no,1,swapped,response_2
A0010,hh_train_008777,accepted_not_flipped,no,4,original,response_1
A0011,hh_train_003533,accepted_not_flipped,no,4,original,response_1
A0012,hh_train_004676,rejected_not_flipped,no,0,original,response_1
A0013,hh_train_004021,accepted_flipped,yes,4,swapped,response_1
A0014,hh_train_004101,rejected_flipped,yes,2,original,response_2
A0015,hh_train_000903,rejected_not_flipped,no,0,original,response_1
A0016,hh_train_007830,accepted_flipped,yes,4,original,response_2
A0017,hh_train_002141,rejected_unanimous,no,0,original,response_1
A0018,hh_train_007322,rejected_unanimous,yes,0,original,response_2
A0019,hh_train_008451,rejected_not_flipped,no,0,swapped,response_2
A0020,hh_train_005473,rejected_not_flipped,no,2,swapped,response_2
A0021,hh_train_002387,rejected_unanimous,yes,0,swapped,response_1
A0022,hh_train_001144,accepted_not_flipped,no,3,swapped,response_2
A0023,hh_train_000801,rejected_not_flipped,no,0,original,response_1
A0024,hh_train_002350,accepted_not_flipped,no,3,original,response_1
A0025,hh_train_002839,accepted_not_flipped,no,4,swapped,response_2
A0026,hh_train_000494,rejected_not_flipped,no,2,original,response_1
A0027,hh_train_000745,rejected_not_flipped,no,0,original,response_1
A0028,hh_train_009817,rejected_split_vote,yes,2,original,response_2
A0029,hh_train_009133,rejected_unanimous,no,0,original,response_1
A0030,hh_train_001355,accepted_flipped,yes,4,swapped,response_1
A0031,hh_train_006904,rejected_not_flipped,no,0,swapped,response_2
A0032,hh_train_009742,accepted_flipped,yes,3,original,response_2
A0033,hh_train_009505,rejected_flipped,yes,2,swapped,response_1
A0034,hh_train_001219,accepted_flipped,yes,4,swapped,response_1
A0035,hh_train_000546,rejected_not_flipped,no,0,swapped,response_2
A0036,hh_train_000280,rejected_not_flipped,no,0,original,response_1
A0037,hh_train_006105,rejected_not_flipped,no,0,original,response_1
A0038,hh_train_002599,rejected_unanimous,no,0,swapped,response_2
A0039,hh_train_002479,rejected_not_flipped,no,0,original,response_1
A0040,hh_train_006038,rejected_flipped,yes,2,original,response_2
A0041,hh_train_004529,rejected_not_flipped,no,1,swapped,response_2
A0042,hh_train_004313,accepted_flipped,yes,4,swapped,response_1
A0043,hh_train_008588,rejected_unanimous,no,0,original,response_1
A0044,hh_train_004689,rejected_not_flipped,no,0,swapped,response_2
A0045,hh_train_008921,rejected_not_flipped,no,1,swapped,response_2
A0046,hh_train_003859,rejected_not_flipped,no,0,original,response_1
A0047,hh_train_002055,rejected_not_flipped,no,0,original,response_1
A0048,hh_train_001063,accepted_not_flipped,no,4,swapped,response_2
A0049,hh_train_006746,rejected_not_flipped,no,0,original,response_1
A0050,hh_train_000454,rejected_not_flipped,no,1,original,response_1
A0051,hh_train_008560,rejected_flipped,yes,0,original,response_2
A0052,hh_train_000394,rejected_flipped,yes,0,swapped,response_1
A0053,hh_train_000632,rejected_not_flipped,no,0,original,response_1
A0054,hh_train_001918,rejected_flipped,yes,1,original,response_2
A0055,hh_train_008108,rejected_split_vote,no,2,swapped,response_2
A0056,hh_train_006167,rejected_not_flipped,no,0,swapped,response_2
A0057,hh_train_008097,near_threshold,no,1,swapped,response_2
A0058,hh_train_008500,rejected_not_flipped,no,0,swapped,response_2
A0059,hh_train_001288,rejected_unanimous,no,0,swapped,response_2
A0060,hh_train_001619,rejected_split_vote,no,2,swapped,response_2
A0061,hh_train_001068,accepted_not_flipped,no,4,original,response_1
A0062,hh_train_008464,accepted_flipped,yes,4,original,response_2
A0063,hh_train_009093,rejected_not_flipped,no,1,original,response_1
A0064,hh_train_004660,accepted_flipped,yes,4,original,response_2
A0065,hh_train_006099,rejected_not_flipped,no,1,original,response_1
A0066,hh_train_001494,accepted_not_flipped,no,4,swapped,response_2
A0067,hh_train_000419,near_threshold,yes,1,swapped,response_1
A0068,hh_train_004982,rejected_not_flipped,no,0,swapped,response_2
A0069,hh_train_004663,rejected_unanimous,yes,0,swapped,response_1
A0070,hh_train_006452,rejected_not_flipped,no,0,original,response_1
A0071,hh_train_004431,accepted_not_flipped,no,4,swapped,response_2
A0072,hh_train_001052,rejected_not_flipped,no,0,original,response_1
A0073,hh_train_004761,rejected_unanimous,no,0,swapped,response_2
A0074,hh_train_007833,rejected_split_vote,no,1,swapped,response_2
A0075,hh_train_006350,accepted_flipped,yes,4,original,response_2
A0076,hh_train_000276,accepted_flipped,yes,4,swapped,response_1
A0077,hh_train_006189,rejected_not_flipped,no,0,original,response_1
A0078,hh_train_008920,rejected_not_flipped,no,1,original,response_1
A0079,hh_train_000256,rejected_flipped,yes,2,swapped,response_1
A0080,hh_train_007685,rejected_not_flipped,no,1,swapped,response_2
A0081,hh_train_009040,accepted_flipped,yes,4,swapped,response_1
A0082,hh_train_007399,accepted_flipped,yes,3,swapped,response_1
A0083,hh_train_000151,rejected_not_flipped,no,2,swapped,response_2
A0084,hh_train_009961,rejected_split_vote,no,1,original,response_1
A0085,hh_train_005487,rejected_not_flipped,no,0,original,response_1
A0086,hh_train_001459,rejected_flipped,yes,2,original,response_2
A0087,hh_train_008579,accepted_flipped,yes,4,original,response_2
A0088,hh_train_009843,rejected_not_flipped,no,1,swapped,response_2
A0089,hh_train_000362,rejected_not_flipped,no,0,swapped,response_2
A0090,hh_train_003332,accepted_flipped,yes,3,swapped,response_1
A0091,hh_train_005113,accepted_not_flipped,no,3,swapped,response_2
A0092,hh_train_001055,rejected_flipped,yes,0,original,response_2
A0093,hh_train_004072,rejected_flipped,yes,0,swapped,response_1
A0094,hh_train_001317,rejected_not_flipped,no,0,swapped,response_2
A0095,hh_train_006368,rejected_not_flipped,no,2,original,response_1
A0096,hh_train_002957,rejected_flipped,yes,1,swapped,response_1
A0097,hh_train_004502,rejected_not_flipped,no,0,original,response_1
A0098,hh_train_008357,rejected_flipped,yes,2,swapped,response_1
A0099,hh_train_002459,rejected_not_flipped,no,0,swapped,response_2
A0100,hh_train_002932,rejected_flipped,yes,0,original,response_2
A0101,hh_train_001525,rejected_not_flipped,no,2,swapped,response_2
A0102,hh_train_004395,rejected_flipped,yes,1,swapped,response_1
A0103,hh_train_005853,rejected_not_flipped,no,0,swapped,response_2
A0104,hh_train_009024,rejected_not_flipped,no,0,original,response_1
A0105,hh_train_008517,accepted_flipped,yes,3,swapped,response_1
A0106,hh_train_009882,rejected_unanimous,no,0,original,response_1
A0107,hh_train_009529,rejected_not_flipped,no,0,swapped,response_2
A0108,hh_train_008200,near_threshold,no,1,original,response_1
A0109,hh_train_001759,rejected_not_flipped,no,0,swapped,response_2
A0110,hh_train_001281,accepted_flipped,yes,4,original,response_2
A0111,hh_train_001695,accepted_flipped,yes,4,original,response_2
A0112,hh_train_007541,rejected_flipped,yes,0,original,response_2
A0113,hh_train_004479,near_threshold,no,3,original,response_1
A0114,hh_train_003172,rejected_not_flipped,no,0,swapped,response_2
A0115,hh_train_009213,rejected_not_flipped,no,0,original,response_1
A0116,hh_train_006276,rejected_not_flipped,no,0,original,response_1
A0117,hh_train_004796,accepted_flipped,yes,4,original,response_2
A0118,hh_train_003184,rejected_not_flipped,no,0,original,response_1
A0119,hh_train_001594,accepted_not_flipped,no,4,swapped,response_2
A0120,hh_train_009955,accepted_flipped,yes,4,swapped,response_1
A0121,hh_train_003953,rejected_flipped,yes,1,swapped,response_1
A0122,hh_train_005759,rejected_unanimous,no,0,original,response_1
A0123,hh_train_001370,rejected_not_flipped,no,0,original,response_1
A0124,hh_train_002971,rejected_not_flipped,no,1,original,response_1
A0125,hh_train_005144,rejected_not_flipped,no,0,swapped,response_2
A0126,hh_train_009922,rejected_not_flipped,no,0,swapped,response_2
A0127,hh_train_005245,rejected_flipped,yes,0,swapped,response_1
A0128,hh_train_003633,accepted_not_flipped,no,4,original,response_1
A0129,hh_train_008959,near_threshold,no,1,original,response_1
A0130,hh_train_000770,rejected_not_flipped,no,0,swapped,response_2
A0131,hh_train_007122,rejected_flipped,yes,1,original,response_2
A0132,hh_train_000023,accepted_flipped,yes,4,original,response_2
A0133,hh_train_007236,rejected_unanimous,no,0,swapped,response_2
A0134,hh_train_002617,rejected_not_flipped,no,0,original,response_1
A0135,hh_train_001931,rejected_not_flipped,no,1,original,response_1
A0136,hh_train_004397,accepted_not_flipped,no,4,swapped,response_2
A0137,hh_train_009029,rejected_flipped,yes,0,original,response_2
A0138,hh_train_003258,rejected_unanimous,no,0,swapped,response_2
A0139,hh_train_001407,rejected_not_flipped,no,0,swapped,response_2
A0140,hh_train_000370,rejected_not_flipped,no,0,original,response_1
A0141,hh_train_001085,accepted_flipped,yes,4,original,response_2
A0142,hh_train_004533,accepted_not_flipped,no,4,original,response_1
A0143,hh_train_008426,rejected_flipped,yes,0,original,response_2
A0144,hh_train_003734,near_threshold,no,3,swapped,response_2
A0145,hh_train_005659,near_threshold,no,3,swapped,response_2
A0146,hh_train_005902,accepted_flipped,yes,4,original,response_2
A0147,hh_train_000876,rejected_not_flipped,no,0,swapped,response_2
A0148,hh_train_009847,rejected_split_vote,yes,1,original,response_2
A0149,hh_train_008733,rejected_not_flipped,no,0,original,response_1
A0150,hh_train_007825,accepted_flipped,yes,4,swapped,response_1
A0151,hh_train_001136,rejected_not_flipped,no,1,swapped,response_2
A0152,hh_train_003175,rejected_not_flipped,no,0,original,response_1
A0153,hh_train_004435,rejected_flipped,yes,2,original,response_2
A0154,hh_train_006171,near_threshold,no,0,swapped,response_2
A0155,hh_train_002125,rejected_not_flipped,no,0,original,response_1
A0156,hh_train_008210,accepted_not_flipped,no,4,original,response_1
A0157,hh_train_002555,rejected_not_flipped,no,0,original,response_1
A0158,hh_train_004826,rejected_not_flipped,no,2,original,response_1
A0159,hh_train_009382,accepted_not_flipped,no,4,original,response_1
A0160,hh_train_008913,rejected_not_flipped,no,0,original,response_1
A0161,hh_train_001863,near_threshold,no,1,swapped,response_2
A0162,hh_train_001988,rejected_unanimous,no,0,swapped,response_2
A0163,hh_train_004460,rejected_not_flipped,no,2,original,response_1
A0164,hh_train_004497,accepted_flipped,yes,4,original,response_2
A0165,hh_train_005024,accepted_not_flipped,no,4,swapped,response_2
A0166,hh_train_004608,rejected_flipped,yes,0,original,response_2
A0167,hh_train_003243,rejected_not_flipped,no,1,original,response_1
A0168,hh_train_009635,rejected_unanimous,yes,0,original,response_2
A0169,hh_train_004094,accepted_flipped,yes,4,swapped,response_1
A0170,hh_train_005740,accepted_flipped,yes,4,swapped,response_1
A0171,hh_train_009161,rejected_flipped,yes,1,original,response_2
A0172,hh_train_002926,rejected_unanimous,no,0,original,response_1
A0173,hh_train_003270,rejected_split_vote,yes,1,swapped,response_1
A0174,hh_train_004488,rejected_split_vote,no,2,swapped,response_2
A0175,hh_train_004628,rejected_unanimous,no,0,swapped,response_2
A0176,hh_train_007105,accepted_not_flipped,no,3,original,response_1
A0177,hh_train_007352,rejected_not_flipped,no,0,original,response_1
A0178,hh_train_008864,rejected_not_flipped,no,1,swapped,response_2
A0179,hh_train_004131,rejected_unanimous,no,0,original,response_1
A0180,hh_train_004578,rejected_not_flipped,no,1,swapped,response_2
A0181,hh_train_007078,accepted_not_flipped,no,4,swapped,response_2
A0182,hh_train_000375,rejected_flipped,yes,1,swapped,response_1
A0183,hh_train_004639,rejected_not_flipped,no,0,swapped,response_2
A0184,hh_train_008462,rejected_not_flipped,no,1,swapped,response_2
A0185,hh_train_002640,rejected_flipped,yes,1,swapped,response_1
A0186,hh_train_008193,rejected_not_flipped,no,1,swapped,response_2
A0187,hh_train_002366,rejected_flipped,yes,2,original,response_2
A0188,hh_train_000238,rejected_not_flipped,no,0,original,response_1
A0189,hh_train_008911,rejected_flipped,yes,1,original,response_2
A0190,hh_train_008324,rejected_not_flipped,no,0,swapped,response_2
A0191,hh_train_005069,rejected_not_flipped,no,0,original,response_1
A0192,hh_train_004196,rejected_flipped,yes,0,original,response_2
A0193,hh_train_007402,rejected_split_vote,no,1,original,response_1
A0194,hh_train_009043,accepted_flipped,yes,3,swapped,response_1
A0195,hh_train_003942,rejected_not_flipped,no,1,original,response_1
A0196,hh_train_004152,near_threshold,yes,3,original,response_2
A0197,hh_train_008661,accepted_flipped,yes,4,swapped,response_1
A0198,hh_train_008459,rejected_split_vote,no,1,swapped,response_2
A0199,hh_train_008709,rejected_unanimous,no,0,swapped,response_2
